Date,Close
18-05-2012,38.23
21-05-2012,34.029999
22-05-2012,31
23-05-2012,32
24-05-2012,33.029999
25-05-2012,31.91
29-05-2012,28.84
30-05-2012,28.190001
31-05-2012,29.6
01-06-2012,27.719999
04-06-2012,26.9
05-06-2012,25.870001
06-06-2012,26.809999
07-06-2012,26.309999
08-06-2012,27.1
11-06-2012,27.01
12-06-2012,27.4
13-06-2012,27.27
14-06-2012,28.290001
15-06-2012,30.01
18-06-2012,31.41
19-06-2012,31.91
20-06-2012,31.6
21-06-2012,31.84
22-06-2012,33.049999
25-06-2012,32.060001
26-06-2012,33.099998
27-06-2012,32.23
28-06-2012,31.360001
29-06-2012,31.1
02-07-2012,30.77
03-07-2012,31.200001
05-07-2012,31.469999
06-07-2012,31.73
09-07-2012,32.169998
10-07-2012,31.469999
11-07-2012,30.969999
12-07-2012,30.809999
13-07-2012,30.719999
16-07-2012,28.25
17-07-2012,28.09
18-07-2012,29.110001
19-07-2012,29
20-07-2012,28.76
23-07-2012,28.75
24-07-2012,28.450001
25-07-2012,29.34
26-07-2012,26.85
27-07-2012,23.709999
30-07-2012,23.15
31-07-2012,21.709999
01-08-2012,20.879999
02-08-2012,20.040001
03-08-2012,21.09
06-08-2012,21.92
07-08-2012,20.719999
08-08-2012,20.719999
09-08-2012,21.01
10-08-2012,21.809999
13-08-2012,21.6
14-08-2012,20.379999
15-08-2012,21.200001
16-08-2012,19.870001
17-08-2012,19.049999
20-08-2012,20.01
21-08-2012,19.16
22-08-2012,19.440001
23-08-2012,19.440001
24-08-2012,19.41
27-08-2012,19.15
28-08-2012,19.34
29-08-2012,19.1
30-08-2012,19.09
31-08-2012,18.059999
04-09-2012,17.73
05-09-2012,18.58
06-09-2012,18.959999
07-09-2012,18.98
10-09-2012,18.809999
11-09-2012,19.43
12-09-2012,20.93
13-09-2012,20.709999
14-09-2012,22
17-09-2012,21.52
18-09-2012,21.870001
19-09-2012,23.290001
20-09-2012,22.59
21-09-2012,22.860001
24-09-2012,20.790001
25-09-2012,20.280001
26-09-2012,20.620001
27-09-2012,20.32
28-09-2012,21.66
01-10-2012,21.99
02-10-2012,22.27
03-10-2012,21.83
04-10-2012,21.950001
05-10-2012,20.91
08-10-2012,20.4
09-10-2012,20.23
10-10-2012,19.639999
11-10-2012,19.75
12-10-2012,19.52
15-10-2012,19.52
16-10-2012,19.48
17-10-2012,19.879999
18-10-2012,18.98
19-10-2012,19
22-10-2012,19.32
23-10-2012,19.5
24-10-2012,23.23
25-10-2012,22.559999
26-10-2012,21.940001
31-10-2012,21.110001
01-11-2012,21.209999
02-11-2012,21.18
05-11-2012,21.25
06-11-2012,21.17
07-11-2012,20.469999
08-11-2012,19.99
09-11-2012,19.209999
12-11-2012,20.07
13-11-2012,19.860001
14-11-2012,22.360001
15-11-2012,22.17
16-11-2012,23.559999
19-11-2012,22.92
20-11-2012,23.1
21-11-2012,24.32
23-11-2012,24
26-11-2012,25.940001
27-11-2012,26.15
28-11-2012,26.360001
29-11-2012,27.32
30-11-2012,28
03-12-2012,27.040001
04-12-2012,27.459999
05-12-2012,27.709999
06-12-2012,26.969999
07-12-2012,27.49
10-12-2012,27.84
11-12-2012,27.98
12-12-2012,27.58
13-12-2012,28.24
14-12-2012,26.809999
17-12-2012,26.75
18-12-2012,27.709999
19-12-2012,27.41
20-12-2012,27.360001
21-12-2012,26.26
24-12-2012,26.93
26-12-2012,26.51
27-12-2012,26.049999
28-12-2012,25.91
31-12-2012,26.620001
02-01-2013,28
03-01-2013,27.77
04-01-2013,28.76
07-01-2013,29.42
08-01-2013,29.059999
09-01-2013,30.59
10-01-2013,31.299999
11-01-2013,31.719999
14-01-2013,30.950001
15-01-2013,30.1
16-01-2013,29.85
17-01-2013,30.139999
18-01-2013,29.66
22-01-2013,30.73
23-01-2013,30.82
24-01-2013,31.08
25-01-2013,31.540001
28-01-2013,32.470001
29-01-2013,30.790001
30-01-2013,31.24
31-01-2013,30.98
01-02-2013,29.73
04-02-2013,28.110001
05-02-2013,28.639999
06-02-2013,29.049999
07-02-2013,28.65
08-02-2013,28.549999
11-02-2013,28.26
12-02-2013,27.370001
13-02-2013,27.91
14-02-2013,28.5
15-02-2013,28.32
19-02-2013,28.93
20-02-2013,28.459999
21-02-2013,27.280001
22-02-2013,27.129999
25-02-2013,27.27
26-02-2013,27.389999
27-02-2013,26.870001
28-02-2013,27.25
01-03-2013,27.780001
04-03-2013,27.719999
05-03-2013,27.52
06-03-2013,27.450001
07-03-2013,28.58
08-03-2013,27.959999
11-03-2013,28.139999
12-03-2013,27.83
13-03-2013,27.08
14-03-2013,27.040001
15-03-2013,26.65
18-03-2013,26.49
19-03-2013,26.549999
20-03-2013,25.860001
21-03-2013,25.74
22-03-2013,25.73
25-03-2013,25.129999
26-03-2013,25.209999
27-03-2013,26.09
28-03-2013,25.58
01-04-2013,25.530001
02-04-2013,25.42
03-04-2013,26.25
04-04-2013,27.07
05-04-2013,27.389999
08-04-2013,26.85
09-04-2013,26.59
10-04-2013,27.57
11-04-2013,28.02
12-04-2013,27.4
15-04-2013,26.52
16-04-2013,26.92
17-04-2013,26.629999
18-04-2013,25.690001
19-04-2013,25.73
22-04-2013,25.969999
23-04-2013,25.98
24-04-2013,26.110001
25-04-2013,26.139999
26-04-2013,26.85
29-04-2013,26.98
30-04-2013,27.77
01-05-2013,27.43
02-05-2013,28.969999
03-05-2013,28.309999
06-05-2013,27.57
07-05-2013,26.889999
08-05-2013,27.120001
09-05-2013,27.040001
10-05-2013,26.68
13-05-2013,26.82
14-05-2013,27.07
15-05-2013,26.6
16-05-2013,26.129999
17-05-2013,26.25
20-05-2013,25.76
21-05-2013,25.66
22-05-2013,25.16
23-05-2013,25.059999
24-05-2013,24.309999
28-05-2013,24.1
29-05-2013,23.32
30-05-2013,24.549999
31-05-2013,24.35
03-06-2013,23.85
04-06-2013,23.52
05-06-2013,22.9
06-06-2013,22.969999
07-06-2013,23.290001
10-06-2013,24.33
11-06-2013,24.030001
12-06-2013,23.77
13-06-2013,23.73
14-06-2013,23.629999
17-06-2013,24.02
18-06-2013,24.209999
19-06-2013,24.309999
20-06-2013,23.9
21-06-2013,24.530001
24-06-2013,23.940001
25-06-2013,24.25
26-06-2013,24.16
27-06-2013,24.66
28-06-2013,24.879999
01-07-2013,24.809999
02-07-2013,24.41
03-07-2013,24.52
05-07-2013,24.370001
08-07-2013,24.709999
09-07-2013,25.48
10-07-2013,25.799999
11-07-2013,25.809999
12-07-2013,25.91
15-07-2013,26.280001
16-07-2013,26.32
17-07-2013,26.65
18-07-2013,26.18
19-07-2013,25.879999
22-07-2013,26.049999
23-07-2013,26.129999
24-07-2013,26.51
25-07-2013,34.360001
26-07-2013,34.009998
29-07-2013,35.43
30-07-2013,37.630001
31-07-2013,36.799999
01-08-2013,37.490002
02-08-2013,38.049999
05-08-2013,39.189999
06-08-2013,38.549999
07-08-2013,38.869999
08-08-2013,38.540001
09-08-2013,38.5
12-08-2013,38.220001
13-08-2013,37.02
14-08-2013,36.650002
15-08-2013,36.560001
16-08-2013,37.080002
19-08-2013,37.810001
20-08-2013,38.41
21-08-2013,38.32
22-08-2013,38.549999
23-08-2013,40.549999
26-08-2013,41.34
27-08-2013,39.639999
28-08-2013,40.549999
29-08-2013,41.279999
30-08-2013,41.290001
03-09-2013,41.869999
04-09-2013,41.779999
05-09-2013,42.66
06-09-2013,43.950001
09-09-2013,44.040001
10-09-2013,43.599998
11-09-2013,45.040001
12-09-2013,44.75
13-09-2013,44.310001
16-09-2013,42.509998
17-09-2013,45.07
18-09-2013,45.23
19-09-2013,45.98
20-09-2013,47.490002
23-09-2013,47.189999
24-09-2013,48.450001
25-09-2013,49.459999
26-09-2013,50.389999
27-09-2013,51.240002
30-09-2013,50.23
01-10-2013,50.419998
02-10-2013,50.279999
03-10-2013,49.18
04-10-2013,51.040001
07-10-2013,50.52
08-10-2013,47.139999
09-10-2013,46.77
10-10-2013,49.049999
11-10-2013,49.110001
14-10-2013,49.509998
15-10-2013,49.5
16-10-2013,51.139999
17-10-2013,52.209999
18-10-2013,54.220001
21-10-2013,53.849998
22-10-2013,52.68
23-10-2013,51.900002
24-10-2013,52.450001
25-10-2013,51.950001
28-10-2013,50.23
29-10-2013,49.400002
30-10-2013,49.009998
31-10-2013,50.209999
01-11-2013,49.75
04-11-2013,48.220001
05-11-2013,50.110001
06-11-2013,49.119999
07-11-2013,47.560001
08-11-2013,47.529999
11-11-2013,46.200001
12-11-2013,46.610001
13-11-2013,48.709999
14-11-2013,48.990002
15-11-2013,49.009998
18-11-2013,45.830002
19-11-2013,46.360001
20-11-2013,46.43
21-11-2013,46.700001
22-11-2013,46.23
25-11-2013,44.82
26-11-2013,45.889999
27-11-2013,46.490002
29-11-2013,47.009998
02-12-2013,47.060001
03-12-2013,46.73
04-12-2013,48.619999
05-12-2013,48.34
06-12-2013,47.939999
09-12-2013,48.84
10-12-2013,50.25
11-12-2013,49.380001
12-12-2013,51.830002
13-12-2013,53.32
16-12-2013,53.810001
17-12-2013,54.860001
18-12-2013,55.57
19-12-2013,55.049999
20-12-2013,55.119999
23-12-2013,57.77
24-12-2013,57.959999
26-12-2013,57.73
27-12-2013,55.439999
30-12-2013,53.709999
31-12-2013,54.650002
02-01-2014,54.709999
03-01-2014,54.560001
06-01-2014,57.200001
07-01-2014,57.919998
08-01-2014,58.23
09-01-2014,57.220001
10-01-2014,57.939999
13-01-2014,55.91
14-01-2014,57.740002
15-01-2014,57.599998
16-01-2014,57.189999
17-01-2014,56.299999
21-01-2014,58.509998
22-01-2014,57.509998
23-01-2014,56.630001
24-01-2014,54.450001
27-01-2014,53.549999
28-01-2014,55.139999
29-01-2014,53.529999
30-01-2014,61.080002
31-01-2014,62.57
03-02-2014,61.48
04-02-2014,62.75
05-02-2014,62.189999
06-02-2014,62.16
07-02-2014,64.32
10-02-2014,63.549999
11-02-2014,64.849998
12-02-2014,64.449997
13-02-2014,67.330002
14-02-2014,67.089996
18-02-2014,67.300003
19-02-2014,68.059998
20-02-2014,69.629997
21-02-2014,68.589996
24-02-2014,70.779999
25-02-2014,69.849998
26-02-2014,69.260002
27-02-2014,68.940002
28-02-2014,68.459999
03-03-2014,67.410004
04-03-2014,68.800003
05-03-2014,71.57
06-03-2014,70.839996
07-03-2014,69.800003
10-03-2014,72.029999
11-03-2014,70.099998
12-03-2014,70.879997
13-03-2014,68.830002
14-03-2014,67.720001
17-03-2014,68.739998
18-03-2014,69.190002
19-03-2014,68.239998
20-03-2014,66.970001
21-03-2014,67.239998
24-03-2014,64.099998
25-03-2014,64.889999
26-03-2014,60.389999
27-03-2014,60.970001
28-03-2014,60.009998
31-03-2014,60.240002
01-04-2014,62.619999
02-04-2014,62.720001
03-04-2014,59.490002
04-04-2014,56.75
07-04-2014,56.950001
08-04-2014,58.189999
09-04-2014,62.41
10-04-2014,59.16
11-04-2014,58.529999
14-04-2014,58.889999
15-04-2014,59.09
16-04-2014,59.720001
17-04-2014,58.939999
21-04-2014,61.240002
22-04-2014,63.029999
23-04-2014,61.360001
24-04-2014,60.869999
25-04-2014,57.709999
28-04-2014,56.139999
29-04-2014,58.150002
30-04-2014,59.779999
01-05-2014,61.150002
02-05-2014,60.459999
05-05-2014,61.220001
06-05-2014,58.529999
07-05-2014,57.389999
08-05-2014,56.759998
09-05-2014,57.240002
12-05-2014,59.830002
13-05-2014,59.830002
14-05-2014,59.23
15-05-2014,57.919998
16-05-2014,58.02
19-05-2014,59.209999
20-05-2014,58.560001
21-05-2014,60.490002
22-05-2014,60.52
23-05-2014,61.349998
27-05-2014,63.48
28-05-2014,63.509998
29-05-2014,63.830002
30-05-2014,63.299999
02-06-2014,63.080002
03-06-2014,62.869999
04-06-2014,63.34
05-06-2014,63.189999
06-06-2014,62.5
09-06-2014,62.880001
10-06-2014,65.769997
11-06-2014,65.779999
12-06-2014,64.290001
13-06-2014,64.5
16-06-2014,64.190002
17-06-2014,64.400002
18-06-2014,65.599998
19-06-2014,64.339996
20-06-2014,64.5
23-06-2014,65.370003
24-06-2014,65.720001
25-06-2014,67.440002
26-06-2014,67.129997
27-06-2014,67.599998
30-06-2014,67.290001
01-07-2014,68.059998
02-07-2014,66.449997
03-07-2014,66.290001
07-07-2014,65.290001
08-07-2014,62.759998
09-07-2014,64.970001
10-07-2014,64.870003
11-07-2014,66.339996
14-07-2014,67.900002
15-07-2014,67.169998
16-07-2014,67.660004
17-07-2014,66.410004
18-07-2014,68.419998
21-07-2014,69.400002
22-07-2014,69.269997
23-07-2014,71.290001
24-07-2014,74.980003
25-07-2014,75.190002
28-07-2014,74.919998
29-07-2014,73.709999
30-07-2014,74.68
31-07-2014,72.650002
01-08-2014,72.360001
04-08-2014,73.510002
05-08-2014,72.690002
06-08-2014,72.470001
07-08-2014,73.169998
08-08-2014,73.059998
11-08-2014,73.440002
12-08-2014,72.830002
13-08-2014,73.769997
14-08-2014,74.300003
15-08-2014,73.629997
18-08-2014,74.589996
19-08-2014,75.290001
20-08-2014,74.809998
21-08-2014,74.57
22-08-2014,74.57
25-08-2014,75.019997
26-08-2014,75.959999
27-08-2014,74.629997
28-08-2014,73.860001
29-08-2014,74.82
02-09-2014,76.68
03-09-2014,75.830002
04-09-2014,75.949997
05-09-2014,77.260002
08-09-2014,77.889999
09-09-2014,76.669998
10-09-2014,77.43
11-09-2014,77.919998
12-09-2014,77.480003
15-09-2014,74.580002
16-09-2014,76.080002
17-09-2014,76.43
18-09-2014,77
19-09-2014,77.910004
22-09-2014,76.800003
23-09-2014,78.290001
24-09-2014,78.540001
25-09-2014,77.220001
26-09-2014,78.790001
29-09-2014,79
30-09-2014,79.040001
01-10-2014,76.550003
02-10-2014,77.080002
03-10-2014,77.440002
06-10-2014,77.559998
07-10-2014,76.290001
08-10-2014,77.519997
09-10-2014,75.910004
10-10-2014,72.910004
13-10-2014,72.989998
14-10-2014,73.589996
15-10-2014,73.209999
16-10-2014,72.629997
17-10-2014,75.949997
20-10-2014,76.949997
21-10-2014,78.690002
22-10-2014,78.370003
23-10-2014,80.040001
24-10-2014,80.669998
27-10-2014,80.279999
28-10-2014,80.769997
29-10-2014,75.860001
30-10-2014,74.110001
31-10-2014,74.989998
03-11-2014,73.879997
04-11-2014,75.760002
05-11-2014,74.830002
06-11-2014,75.260002
07-11-2014,75.599998
10-11-2014,75
11-11-2014,74.610001
12-11-2014,74.720001
13-11-2014,74.25
14-11-2014,74.879997
17-11-2014,74.239998
18-11-2014,74.339996
19-11-2014,73.330002
20-11-2014,73.599998
21-11-2014,73.75
24-11-2014,74.010002
25-11-2014,75.629997
26-11-2014,77.620003
28-11-2014,77.699997
01-12-2014,75.099998
02-12-2014,75.459999
03-12-2014,74.879997
04-12-2014,75.239998
05-12-2014,76.360001
08-12-2014,76.519997
09-12-2014,76.839996
10-12-2014,76.18
11-12-2014,77.730003
12-12-2014,77.830002
15-12-2014,76.989998
16-12-2014,74.690002
17-12-2014,76.110001
18-12-2014,78.400002
19-12-2014,79.879997
22-12-2014,81.449997
23-12-2014,80.610001
24-12-2014,80.769997
26-12-2014,80.779999
29-12-2014,80.019997
30-12-2014,79.220001
31-12-2014,78.019997
02-01-2015,78.449997
05-01-2015,77.190002
06-01-2015,76.150002
07-01-2015,76.150002
08-01-2015,78.18
09-01-2015,77.739998
12-01-2015,76.720001
13-01-2015,76.449997
14-01-2015,76.279999
15-01-2015,74.050003
16-01-2015,75.18
20-01-2015,76.239998
21-01-2015,76.739998
22-01-2015,77.650002
23-01-2015,77.830002
26-01-2015,77.5
27-01-2015,75.779999
28-01-2015,76.239998
29-01-2015,78
30-01-2015,75.910004
02-02-2015,74.989998
03-02-2015,75.400002
04-02-2015,75.629997
05-02-2015,75.610001
06-02-2015,74.470001
09-02-2015,74.440002
10-02-2015,75.190002
11-02-2015,76.510002
12-02-2015,76.230003
13-02-2015,75.739998
17-02-2015,75.599998
18-02-2015,76.709999
19-02-2015,79.419998
20-02-2015,79.900002
23-02-2015,78.839996
24-02-2015,78.449997
25-02-2015,79.559998
26-02-2015,80.410004
27-02-2015,78.970001
02-03-2015,79.75
03-03-2015,79.599998
04-03-2015,80.900002
05-03-2015,81.209999
06-03-2015,80.010002
09-03-2015,79.440002
10-03-2015,77.550003
11-03-2015,77.57
12-03-2015,78.93
13-03-2015,78.050003
16-03-2015,78.07
17-03-2015,79.360001
18-03-2015,80.910004
19-03-2015,82.75
20-03-2015,83.800003
23-03-2015,84.43
24-03-2015,85.309998
25-03-2015,82.919998
26-03-2015,83.010002
27-03-2015,83.300003
30-03-2015,83.199997
31-03-2015,82.220001
01-04-2015,81.669998
02-04-2015,81.559998
06-04-2015,82.440002
07-04-2015,82.32
08-04-2015,82.279999
09-04-2015,82.169998
10-04-2015,82.040001
13-04-2015,83.010002
14-04-2015,83.519997
15-04-2015,82.709999
16-04-2015,82.309998
17-04-2015,80.779999
20-04-2015,83.089996
21-04-2015,83.620003
22-04-2015,84.629997
23-04-2015,82.410004
24-04-2015,81.529999
27-04-2015,81.910004
28-04-2015,80.68
29-04-2015,80.470001
30-04-2015,78.769997
01-05-2015,78.989998
04-05-2015,78.809998
05-05-2015,77.559998
06-05-2015,78.099998
07-05-2015,78.43
08-05-2015,78.510002
11-05-2015,78.010002
12-05-2015,77.459999
13-05-2015,78.440002
14-05-2015,81.370003
15-05-2015,80.419998
18-05-2015,80.879997
19-05-2015,80.629997
20-05-2015,80.550003
21-05-2015,80.480003
22-05-2015,80.540001
26-05-2015,79.330002
27-05-2015,80.550003
28-05-2015,80.150002
29-05-2015,79.190002
01-06-2015,80.290001
02-06-2015,80.440002
03-06-2015,82.440002
04-06-2015,82.050003
05-06-2015,82.139999
08-06-2015,80.669998
09-06-2015,80.669998
10-06-2015,82.160004
11-06-2015,81.830002
12-06-2015,81.529999
15-06-2015,80.709999
16-06-2015,81.059998
17-06-2015,81.790001
18-06-2015,82.910004
19-06-2015,82.510002
22-06-2015,84.739998
23-06-2015,87.879997
24-06-2015,88.860001
25-06-2015,87.980003
26-06-2015,88.010002
29-06-2015,85.800003
30-06-2015,85.769997
01-07-2015,86.910004
02-07-2015,87.290001
06-07-2015,87.550003
07-07-2015,87.220001
08-07-2015,85.650002
09-07-2015,85.879997
10-07-2015,87.949997
13-07-2015,90.099998
14-07-2015,89.68
15-07-2015,89.760002
16-07-2015,90.849998
17-07-2015,94.970001
20-07-2015,97.910004
21-07-2015,98.389999
22-07-2015,97.040001
23-07-2015,95.440002
24-07-2015,96.949997
27-07-2015,94.169998
28-07-2015,95.290001
29-07-2015,96.989998
30-07-2015,95.209999
31-07-2015,94.010002
03-08-2015,94.139999
04-08-2015,94.059998
05-08-2015,96.440002
06-08-2015,95.120003
07-08-2015,94.300003
10-08-2015,94.150002
11-08-2015,93.620003
12-08-2015,94.190002
13-08-2015,93.43
14-08-2015,94.419998
17-08-2015,93.93
18-08-2015,95.169998
19-08-2015,95.309998
20-08-2015,90.559998
21-08-2015,86.059998
24-08-2015,82.089996
25-08-2015,83
26-08-2015,87.190002
27-08-2015,89.730003
28-08-2015,91.010002
31-08-2015,89.43
01-09-2015,87.230003
02-09-2015,89.889999
03-09-2015,88.150002
04-09-2015,88.260002
08-09-2015,89.529999
09-09-2015,90.440002
10-09-2015,91.980003
11-09-2015,92.050003
14-09-2015,92.309998
15-09-2015,92.900002
16-09-2015,93.449997
17-09-2015,94.339996
18-09-2015,94.400002
21-09-2015,95.550003
22-09-2015,92.959999
23-09-2015,93.970001
24-09-2015,94.410004
25-09-2015,92.769997
28-09-2015,89.209999
29-09-2015,86.669998
30-09-2015,89.900002
01-10-2015,90.949997
02-10-2015,92.07
05-10-2015,94.010002
06-10-2015,92.800003
07-10-2015,92.400002
08-10-2015,92.470001
09-10-2015,93.239998
12-10-2015,94.260002
13-10-2015,94.120003
14-10-2015,94.07
15-10-2015,95.959999
16-10-2015,97.540001
19-10-2015,98.470001
20-10-2015,97
21-10-2015,97.110001
22-10-2015,99.669998
23-10-2015,102.190002
26-10-2015,103.769997
27-10-2015,103.699997
28-10-2015,104.199997
29-10-2015,104.879997
30-10-2015,101.970001
02-11-2015,103.309998
03-11-2015,102.580002
04-11-2015,103.940002
05-11-2015,108.760002
06-11-2015,107.099998
09-11-2015,106.489998
10-11-2015,107.910004
11-11-2015,109.010002
12-11-2015,108.019997
13-11-2015,103.949997
16-11-2015,104.040001
17-11-2015,105.129997
18-11-2015,107.769997
19-11-2015,106.260002
20-11-2015,107.32
23-11-2015,106.949997
24-11-2015,105.739998
25-11-2015,105.410004
27-11-2015,105.449997
30-11-2015,104.239998
01-12-2015,107.120003
02-12-2015,106.07
03-12-2015,104.379997
04-12-2015,106.18
07-12-2015,105.610001
08-12-2015,106.489998
09-12-2015,104.599998
10-12-2015,105.419998
11-12-2015,102.120003
14-12-2015,104.660004
15-12-2015,104.550003
16-12-2015,106.790001
17-12-2015,106.220001
18-12-2015,104.040001
21-12-2015,104.769997
22-12-2015,105.510002
23-12-2015,104.629997
24-12-2015,105.019997
28-12-2015,105.93
29-12-2015,107.260002
30-12-2015,106.220001
31-12-2015,104.660004
04-01-2016,102.220001
05-01-2016,102.730003
06-01-2016,102.970001
07-01-2016,97.919998
08-01-2016,97.330002
11-01-2016,97.510002
12-01-2016,99.370003
13-01-2016,95.440002
14-01-2016,98.370003
15-01-2016,94.970001
19-01-2016,95.260002
20-01-2016,94.349998
21-01-2016,94.160004
22-01-2016,97.940002
25-01-2016,97.010002
26-01-2016,97.339996
27-01-2016,94.449997
28-01-2016,109.110001
29-01-2016,112.209999
01-02-2016,115.089996
02-02-2016,114.610001
03-02-2016,112.690002
04-02-2016,110.489998
05-02-2016,104.07
08-02-2016,99.75
09-02-2016,99.540001
10-02-2016,101
11-02-2016,101.910004
12-02-2016,102.010002
16-02-2016,101.610001
17-02-2016,105.199997
18-02-2016,103.470001
19-02-2016,104.57
22-02-2016,107.160004
23-02-2016,105.459999
24-02-2016,106.879997
25-02-2016,108.07
26-02-2016,107.919998
29-02-2016,106.919998
01-03-2016,109.82
02-03-2016,109.949997
03-03-2016,109.580002
04-03-2016,108.389999
07-03-2016,105.730003
08-03-2016,105.93
09-03-2016,107.510002
10-03-2016,107.32
11-03-2016,109.410004
14-03-2016,109.889999
15-03-2016,110.669998
16-03-2016,112.18
17-03-2016,111.019997
18-03-2016,111.449997
21-03-2016,111.849998
22-03-2016,112.25
23-03-2016,112.540001
24-03-2016,113.050003
28-03-2016,113.690002
29-03-2016,116.139999
30-03-2016,114.699997
31-03-2016,114.099998
01-04-2016,116.059998
04-04-2016,112.550003
05-04-2016,112.220001
06-04-2016,113.709999
07-04-2016,113.639999
08-04-2016,110.629997
11-04-2016,108.989998
12-04-2016,110.610001
13-04-2016,110.510002
14-04-2016,110.839996
15-04-2016,109.639999
18-04-2016,110.449997
19-04-2016,112.290001
20-04-2016,112.419998
21-04-2016,113.440002
22-04-2016,110.559998
25-04-2016,110.099998
26-04-2016,108.760002
27-04-2016,108.889999
28-04-2016,116.730003
29-04-2016,117.580002
02-05-2016,118.57
03-05-2016,117.43
04-05-2016,118.059998
05-05-2016,117.809998
06-05-2016,119.489998
09-05-2016,119.239998
10-05-2016,120.5
11-05-2016,119.519997
12-05-2016,120.279999
13-05-2016,119.809998
16-05-2016,118.669998
17-05-2016,117.349998
18-05-2016,117.650002
19-05-2016,116.809998
20-05-2016,117.349998
23-05-2016,115.970001
24-05-2016,117.699997
25-05-2016,117.889999
26-05-2016,119.470001
27-05-2016,119.379997
31-05-2016,118.809998
01-06-2016,118.779999
02-06-2016,118.93
03-06-2016,118.470001
06-06-2016,118.790001
07-06-2016,117.760002
08-06-2016,118.389999
09-06-2016,118.559998
10-06-2016,116.620003
13-06-2016,113.949997
14-06-2016,114.940002
15-06-2016,114.599998
16-06-2016,114.389999
17-06-2016,113.019997
20-06-2016,113.370003
21-06-2016,114.379997
22-06-2016,113.910004
23-06-2016,115.080002
24-06-2016,112.080002
27-06-2016,108.970001
28-06-2016,112.699997
29-06-2016,114.160004
30-06-2016,114.279999
01-07-2016,114.190002
05-07-2016,114.199997
06-07-2016,116.699997
07-07-2016,115.849998
08-07-2016,117.239998
11-07-2016,117.870003
12-07-2016,117.93
13-07-2016,116.779999
14-07-2016,117.290001
15-07-2016,116.860001
18-07-2016,119.370003
19-07-2016,120.610001
20-07-2016,121.919998
21-07-2016,120.610001
22-07-2016,121
25-07-2016,121.629997
26-07-2016,121.220001
27-07-2016,123.339996
28-07-2016,125
29-07-2016,123.940002
01-08-2016,124.309998
02-08-2016,123.089996
03-08-2016,122.510002
04-08-2016,124.360001
05-08-2016,125.150002
08-08-2016,125.260002
09-08-2016,125.059998
10-08-2016,124.879997
11-08-2016,124.900002
12-08-2016,124.879997
15-08-2016,123.900002
16-08-2016,123.300003
17-08-2016,124.370003
18-08-2016,123.910004
19-08-2016,123.559998
22-08-2016,124.150002
23-08-2016,124.370003
24-08-2016,123.480003
25-08-2016,123.889999
26-08-2016,124.959999
29-08-2016,126.540001
30-08-2016,125.839996
31-08-2016,126.120003
01-09-2016,126.169998
02-09-2016,126.510002
06-09-2016,129.729996
07-09-2016,131.050003
08-09-2016,130.270004
09-09-2016,127.099998
12-09-2016,128.690002
13-09-2016,127.209999
14-09-2016,127.769997
15-09-2016,128.350006
16-09-2016,129.070007
19-09-2016,128.649994
20-09-2016,128.639999
21-09-2016,129.940002
22-09-2016,130.080002
23-09-2016,127.959999
26-09-2016,127.309998
27-09-2016,128.690002
28-09-2016,129.229996
29-09-2016,128.089996
30-09-2016,128.270004
03-10-2016,128.770004
04-10-2016,128.190002
05-10-2016,128.470001
06-10-2016,128.740005
07-10-2016,128.990005
10-10-2016,130.240005
11-10-2016,128.880005
12-10-2016,129.050003
13-10-2016,127.82
14-10-2016,127.879997
17-10-2016,127.540001
18-10-2016,128.570007
19-10-2016,130.110001
20-10-2016,130
21-10-2016,132.070007
24-10-2016,133.279999
25-10-2016,132.289993
26-10-2016,131.039993
27-10-2016,129.690002
28-10-2016,131.289993
31-10-2016,130.990005
01-11-2016,129.5
02-11-2016,127.169998
03-11-2016,120
04-11-2016,120.75
07-11-2016,122.150002
08-11-2016,124.220001
09-11-2016,123.18
10-11-2016,120.800003
11-11-2016,119.019997
14-11-2016,115.080002
15-11-2016,117.199997
16-11-2016,116.339996
17-11-2016,117.790001
18-11-2016,117.019997
21-11-2016,121.769997
22-11-2016,121.470001
23-11-2016,120.839996
25-11-2016,120.379997
28-11-2016,120.410004
29-11-2016,120.870003
30-11-2016,118.419998
01-12-2016,115.099998
02-12-2016,115.400002
05-12-2016,117.43
06-12-2016,117.309998
07-12-2016,117.949997
08-12-2016,118.910004
09-12-2016,119.68
12-12-2016,117.769997
13-12-2016,120.309998
14-12-2016,120.209999
15-12-2016,120.57
16-12-2016,119.870003
19-12-2016,119.239998
20-12-2016,119.089996
21-12-2016,119.040001
22-12-2016,117.400002
23-12-2016,117.269997
27-12-2016,118.010002
28-12-2016,116.919998
29-12-2016,116.349998
30-12-2016,115.050003
03-01-2017,116.860001
04-01-2017,118.690002
05-01-2017,120.669998
06-01-2017,123.410004
09-01-2017,124.900002
10-01-2017,124.349998
11-01-2017,126.089996
12-01-2017,126.620003
13-01-2017,128.339996
17-01-2017,127.870003
18-01-2017,127.919998
19-01-2017,127.550003
20-01-2017,127.040001
23-01-2017,128.929993
24-01-2017,129.369995
25-01-2017,131.479996
26-01-2017,132.779999
27-01-2017,132.179993
30-01-2017,130.979996
31-01-2017,130.320007
01-02-2017,133.229996
02-02-2017,130.839996
03-02-2017,130.979996
06-02-2017,132.059998
07-02-2017,131.839996
08-02-2017,134.199997
09-02-2017,134.139999
10-02-2017,134.190002
13-02-2017,134.050003
14-02-2017,133.850006
15-02-2017,133.440002
16-02-2017,133.839996
17-02-2017,133.529999
21-02-2017,133.720001
22-02-2017,136.119995
23-02-2017,135.360001
24-02-2017,135.440002
27-02-2017,136.410004
28-02-2017,135.539993
01-03-2017,137.419998
02-03-2017,136.759995
03-03-2017,137.169998
06-03-2017,137.419998
07-03-2017,137.300003
08-03-2017,137.720001
09-03-2017,138.240005
10-03-2017,138.789993
13-03-2017,139.600006
14-03-2017,139.320007
15-03-2017,139.720001
16-03-2017,139.990005
17-03-2017,139.839996
20-03-2017,139.940002
21-03-2017,138.509995
22-03-2017,139.589996
23-03-2017,139.529999
24-03-2017,140.339996
27-03-2017,140.320007
28-03-2017,141.759995
29-03-2017,142.649994
30-03-2017,142.410004
31-03-2017,142.050003
03-04-2017,142.279999
04-04-2017,141.729996
05-04-2017,141.850006
06-04-2017,141.169998
07-04-2017,140.779999
10-04-2017,141.039993
11-04-2017,139.919998
12-04-2017,139.580002
13-04-2017,139.389999
17-04-2017,141.419998
18-04-2017,140.960007
19-04-2017,142.270004
20-04-2017,143.800003
21-04-2017,143.679993
24-04-2017,145.470001
25-04-2017,146.490005
26-04-2017,146.559998
27-04-2017,147.699997
28-04-2017,150.25
01-05-2017,152.460007
02-05-2017,152.779999
03-05-2017,151.800003
04-05-2017,150.850006
05-05-2017,150.240005
08-05-2017,151.059998
09-05-2017,150.479996
10-05-2017,150.289993
11-05-2017,150.039993
12-05-2017,150.330002
15-05-2017,150.190002
16-05-2017,149.779999
17-05-2017,144.850006
18-05-2017,147.660004
19-05-2017,148.059998
22-05-2017,148.240005
23-05-2017,148.070007
24-05-2017,150.039993
25-05-2017,151.960007
26-05-2017,152.130005
30-05-2017,152.380005
31-05-2017,151.460007
01-06-2017,151.529999
02-06-2017,153.610001
05-06-2017,153.630005
06-06-2017,152.809998
07-06-2017,153.119995
08-06-2017,154.710007
09-06-2017,149.600006
12-06-2017,148.440002
13-06-2017,150.679993
14-06-2017,150.25
15-06-2017,149.800003
16-06-2017,150.639999
19-06-2017,152.869995
20-06-2017,152.25
21-06-2017,153.910004
22-06-2017,153.399994
23-06-2017,155.070007
26-06-2017,153.589996
27-06-2017,150.580002
28-06-2017,153.240005
29-06-2017,151.039993
30-06-2017,150.979996
03-07-2017,148.429993
05-07-2017,150.339996
06-07-2017,148.820007
07-07-2017,151.440002
10-07-2017,153.5
11-07-2017,155.270004
12-07-2017,158.899994
13-07-2017,159.259995
14-07-2017,159.970001
17-07-2017,159.729996
18-07-2017,162.860001
19-07-2017,164.139999
20-07-2017,164.529999
21-07-2017,164.429993
24-07-2017,166
25-07-2017,165.279999
26-07-2017,165.610001
27-07-2017,170.440002
28-07-2017,172.449997
31-07-2017,169.25
01-08-2017,169.860001
02-08-2017,169.300003
03-08-2017,168.589996
04-08-2017,169.619995
07-08-2017,171.979996
08-08-2017,171.229996
09-08-2017,171.179993
10-08-2017,167.399994
11-08-2017,168.080002
14-08-2017,170.75
15-08-2017,171
16-08-2017,170
17-08-2017,166.910004
18-08-2017,167.410004
21-08-2017,167.779999
22-08-2017,169.639999
23-08-2017,168.710007
24-08-2017,167.740005
25-08-2017,166.320007
28-08-2017,167.240005
29-08-2017,168.050003
30-08-2017,169.919998
31-08-2017,171.970001
01-09-2017,172.020004
05-09-2017,170.720001
06-09-2017,172.089996
07-09-2017,173.210007
08-09-2017,170.949997
11-09-2017,173.509995
12-09-2017,172.960007
13-09-2017,173.050003
14-09-2017,170.960007
15-09-2017,171.639999
18-09-2017,170.009995
19-09-2017,172.520004
20-09-2017,172.169998
21-09-2017,171.110001
22-09-2017,170.539993
25-09-2017,162.869995
26-09-2017,164.210007
27-09-2017,167.679993
28-09-2017,168.729996
29-09-2017,170.869995
02-10-2017,169.470001
03-10-2017,169.960007
04-10-2017,168.419998
05-10-2017,171.240005
06-10-2017,172.229996
09-10-2017,172.5
10-10-2017,171.589996
11-10-2017,172.740005
12-10-2017,172.550003
13-10-2017,173.740005
16-10-2017,174.520004
17-10-2017,176.110001
18-10-2017,176.029999
19-10-2017,174.559998
20-10-2017,174.979996
23-10-2017,171.270004
24-10-2017,171.800003
25-10-2017,170.600006
26-10-2017,170.630005
27-10-2017,177.880005
30-10-2017,179.869995
31-10-2017,180.059998
01-11-2017,182.660004
02-11-2017,178.919998
03-11-2017,178.919998
06-11-2017,180.169998
07-11-2017,180.25
08-11-2017,179.559998
09-11-2017,179.300003
10-11-2017,178.460007
13-11-2017,178.770004
14-11-2017,178.070007
15-11-2017,177.949997
16-11-2017,179.589996
17-11-2017,179
20-11-2017,178.740005
21-11-2017,181.860001
22-11-2017,180.869995
24-11-2017,182.779999
27-11-2017,183.029999
28-11-2017,182.419998
29-11-2017,175.130005
30-11-2017,177.179993
01-12-2017,175.100006
04-12-2017,171.470001
05-12-2017,172.830002
06-12-2017,176.059998
07-12-2017,180.139999
08-12-2017,179
11-12-2017,179.039993
12-12-2017,176.960007
13-12-2017,178.300003
14-12-2017,178.389999
15-12-2017,180.179993
18-12-2017,180.820007
19-12-2017,179.509995
20-12-2017,177.889999
21-12-2017,177.449997
22-12-2017,177.199997
26-12-2017,175.990005
27-12-2017,177.619995
28-12-2017,177.919998
29-12-2017,176.460007
02-01-2018,181.419998
03-01-2018,184.669998
04-01-2018,184.330002
05-01-2018,186.850006
08-01-2018,188.279999
09-01-2018,187.869995
10-01-2018,187.839996
11-01-2018,187.770004
12-01-2018,179.369995
16-01-2018,178.389999
17-01-2018,177.600006
18-01-2018,179.800003
19-01-2018,181.289993
22-01-2018,185.369995
23-01-2018,189.350006
24-01-2018,186.550003
25-01-2018,187.479996
26-01-2018,190
29-01-2018,185.979996
30-01-2018,187.119995
31-01-2018,186.889999
01-02-2018,193.089996
02-02-2018,190.279999
05-02-2018,181.259995
06-02-2018,185.309998
07-02-2018,180.179993
08-02-2018,171.580002
09-02-2018,176.110001
12-02-2018,176.410004
13-02-2018,173.149994
14-02-2018,179.520004
15-02-2018,179.960007
16-02-2018,177.360001
20-02-2018,176.009995
21-02-2018,177.910004
22-02-2018,178.990005
23-02-2018,183.289993
26-02-2018,184.929993
27-02-2018,181.460007
28-02-2018,178.320007
01-03-2018,175.940002
02-03-2018,176.619995
05-03-2018,180.399994
06-03-2018,179.779999
07-03-2018,183.710007
08-03-2018,182.339996
09-03-2018,185.229996
12-03-2018,184.759995
13-03-2018,181.880005
14-03-2018,184.190002
15-03-2018,183.860001
16-03-2018,185.089996
19-03-2018,172.559998
20-03-2018,168.149994
21-03-2018,169.389999
22-03-2018,164.889999
23-03-2018,159.389999
26-03-2018,160.059998
27-03-2018,152.220001
28-03-2018,153.029999
29-03-2018,159.789993
02-04-2018,155.389999
03-04-2018,156.110001
04-04-2018,155.100006
05-04-2018,159.339996
06-04-2018,157.199997
09-04-2018,157.929993
10-04-2018,165.039993
11-04-2018,166.320007
12-04-2018,163.869995
13-04-2018,164.520004
16-04-2018,164.830002
17-04-2018,168.660004
18-04-2018,166.360001
19-04-2018,168.100006
20-04-2018,166.279999
23-04-2018,165.839996
24-04-2018,159.690002
25-04-2018,159.690002
26-04-2018,174.160004
27-04-2018,173.589996
30-04-2018,172
01-05-2018,173.860001
02-05-2018,176.070007
03-05-2018,174.020004
04-05-2018,176.610001
07-05-2018,177.970001
08-05-2018,178.919998
09-05-2018,182.660004
10-05-2018,185.529999
11-05-2018,186.990005
14-05-2018,186.639999
15-05-2018,184.320007
16-05-2018,183.199997
17-05-2018,183.759995
18-05-2018,182.679993
21-05-2018,184.490005
22-05-2018,183.800003
23-05-2018,186.899994
24-05-2018,185.929993
25-05-2018,184.919998
29-05-2018,185.740005
30-05-2018,187.669998
31-05-2018,191.779999
01-06-2018,193.990005
04-06-2018,193.279999
05-06-2018,192.940002
06-06-2018,191.339996
07-06-2018,188.179993
08-06-2018,189.100006
11-06-2018,191.539993
12-06-2018,192.399994
13-06-2018,192.410004
14-06-2018,196.809998
15-06-2018,195.850006
18-06-2018,198.309998
19-06-2018,197.490005
20-06-2018,202
21-06-2018,201.5
22-06-2018,201.740005
25-06-2018,196.350006
26-06-2018,199
27-06-2018,195.839996
28-06-2018,196.229996
29-06-2018,194.320007
02-07-2018,197.360001
03-07-2018,192.729996
05-07-2018,198.449997
06-07-2018,203.229996
09-07-2018,204.740005
10-07-2018,203.539993
11-07-2018,202.539993
12-07-2018,206.919998
13-07-2018,207.320007
16-07-2018,207.229996
17-07-2018,209.990005
18-07-2018,209.360001
19-07-2018,208.089996
20-07-2018,209.940002
23-07-2018,210.910004
24-07-2018,214.669998
25-07-2018,217.5
26-07-2018,176.259995
27-07-2018,174.889999
30-07-2018,171.059998
31-07-2018,172.580002
01-08-2018,171.649994
02-08-2018,176.369995
03-08-2018,177.779999
06-08-2018,185.690002
07-08-2018,183.809998
08-08-2018,185.179993
09-08-2018,183.089996
10-08-2018,180.259995
13-08-2018,180.050003
14-08-2018,181.110001
15-08-2018,179.529999
16-08-2018,174.699997
17-08-2018,173.800003
20-08-2018,172.5
21-08-2018,172.619995
22-08-2018,173.639999
23-08-2018,172.899994
24-08-2018,174.649994
27-08-2018,177.460007
28-08-2018,176.259995
29-08-2018,175.899994
30-08-2018,177.639999
31-08-2018,175.729996
04-09-2018,171.160004
05-09-2018,167.179993
06-09-2018,162.529999
07-09-2018,163.039993
10-09-2018,164.179993
11-09-2018,165.940002
12-09-2018,162
13-09-2018,161.360001
14-09-2018,162.320007
17-09-2018,160.580002
18-09-2018,160.300003
19-09-2018,163.059998
20-09-2018,166.020004
21-09-2018,162.929993
24-09-2018,165.410004
25-09-2018,164.910004
26-09-2018,166.949997
27-09-2018,168.839996
28-09-2018,164.460007
01-10-2018,162.440002
02-10-2018,159.330002
03-10-2018,162.429993
04-10-2018,158.850006
05-10-2018,157.330002
08-10-2018,157.25
09-10-2018,157.899994
10-10-2018,151.380005
11-10-2018,153.350006
12-10-2018,153.740005
15-10-2018,153.520004
16-10-2018,158.779999
17-10-2018,159.419998
18-10-2018,154.919998
19-10-2018,154.050003
22-10-2018,154.779999
23-10-2018,154.389999
24-10-2018,146.039993
25-10-2018,150.949997
26-10-2018,145.369995
29-10-2018,142.089996
30-10-2018,146.220001
31-10-2018,151.789993
01-11-2018,151.75
02-11-2018,150.350006
05-11-2018,148.679993
06-11-2018,149.940002
07-11-2018,151.529999
08-11-2018,147.869995
09-11-2018,144.960007
12-11-2018,141.550003
13-11-2018,142.160004
14-11-2018,144.220001
15-11-2018,143.850006
16-11-2018,139.529999
19-11-2018,131.550003
20-11-2018,132.429993
21-11-2018,134.820007
23-11-2018,131.729996
26-11-2018,136.380005
27-11-2018,135
28-11-2018,136.759995
29-11-2018,138.679993
30-11-2018,140.610001
03-12-2018,141.089996
04-12-2018,137.929993
06-12-2018,139.630005
07-12-2018,137.419998
10-12-2018,141.850006
11-12-2018,142.080002
12-12-2018,144.5
13-12-2018,145.009995
14-12-2018,144.059998
17-12-2018,140.190002
18-12-2018,143.660004
19-12-2018,133.240005
20-12-2018,133.399994
21-12-2018,124.949997
24-12-2018,124.059998
26-12-2018,134.179993
27-12-2018,134.520004
28-12-2018,133.199997
31-12-2018,131.089996
02-01-2019,135.679993
03-01-2019,131.740005
04-01-2019,137.949997
07-01-2019,138.050003
08-01-2019,142.529999
09-01-2019,144.229996
10-01-2019,144.199997
11-01-2019,143.800003
14-01-2019,145.389999
15-01-2019,148.949997
16-01-2019,147.539993
17-01-2019,148.300003
18-01-2019,150.039993
22-01-2019,147.570007
23-01-2019,144.300003
24-01-2019,145.830002
25-01-2019,149.009995
28-01-2019,147.470001
29-01-2019,144.190002
30-01-2019,150.419998
31-01-2019,166.690002
01-02-2019,165.710007
04-02-2019,169.25
05-02-2019,171.160004
06-02-2019,170.490005
07-02-2019,166.380005
08-02-2019,167.330002
11-02-2019,165.789993
12-02-2019,165.039993
13-02-2019,164.070007
14-02-2019,163.949997
15-02-2019,162.5
19-02-2019,162.289993
20-02-2019,162.559998
21-02-2019,160.039993
22-02-2019,161.889999
25-02-2019,164.619995
26-02-2019,164.130005
27-02-2019,162.809998
28-02-2019,161.449997
01-03-2019,162.279999
04-03-2019,167.369995
05-03-2019,171.259995
06-03-2019,172.509995
07-03-2019,169.130005
08-03-2019,169.600006
11-03-2019,172.070007
12-03-2019,171.919998
13-03-2019,173.369995
14-03-2019,170.169998
15-03-2019,165.979996
18-03-2019,160.470001
19-03-2019,161.570007
20-03-2019,165.440002
21-03-2019,166.080002
22-03-2019,164.339996
25-03-2019,166.289993
26-03-2019,167.679993
27-03-2019,165.869995
28-03-2019,165.550003
29-03-2019,166.690002
01-04-2019,168.699997
02-04-2019,174.199997
03-04-2019,173.539993
04-04-2019,176.020004
05-04-2019,175.720001
08-04-2019,174.929993
09-04-2019,177.580002
10-04-2019,177.820007
11-04-2019,177.509995
12-04-2019,179.100006
15-04-2019,179.649994
16-04-2019,178.869995
17-04-2019,178.779999
18-04-2019,178.279999
22-04-2019,181.440002
23-04-2019,183.779999
24-04-2019,182.580002
25-04-2019,193.259995
26-04-2019,191.490005
29-04-2019,194.779999
30-04-2019,193.399994
01-05-2019,193.029999
02-05-2019,192.529999
03-05-2019,195.470001
06-05-2019,193.880005
07-05-2019,189.770004
08-05-2019,189.539993
09-05-2019,188.649994
10-05-2019,188.339996
13-05-2019,181.539993
14-05-2019,180.729996
15-05-2019,186.270004
16-05-2019,186.990005
17-05-2019,185.300003
20-05-2019,182.720001
21-05-2019,184.820007
22-05-2019,185.320007
23-05-2019,180.869995
24-05-2019,181.059998
28-05-2019,184.309998
29-05-2019,182.190002
30-05-2019,183.009995
31-05-2019,177.470001
03-06-2019,164.149994
04-06-2019,167.5
05-06-2019,168.169998
06-06-2019,168.330002
07-06-2019,173.350006
10-06-2019,174.820007
11-06-2019,178.100006
12-06-2019,175.039993
13-06-2019,177.470001
14-06-2019,181.330002
17-06-2019,189.009995
18-06-2019,188.470001
19-06-2019,187.479996
20-06-2019,189.529999
21-06-2019,191.139999
24-06-2019,192.600006
25-06-2019,188.839996
26-06-2019,187.660004
27-06-2019,189.5
28-06-2019,193
01-07-2019,193
02-07-2019,195
03-07-2019,197.199997
05-07-2019,196.399994
08-07-2019,195.759995
09-07-2019,199.210007
10-07-2019,202.729996
11-07-2019,201.229996
12-07-2019,204.869995
15-07-2019,203.910004
16-07-2019,203.839996
17-07-2019,201.800003
18-07-2019,200.779999
19-07-2019,198.360001
22-07-2019,202.320007
23-07-2019,202.360001
24-07-2019,204.660004
25-07-2019,200.710007
26-07-2019,199.75
29-07-2019,195.940002
30-07-2019,197.039993
31-07-2019,194.229996
01-08-2019,192.729996
02-08-2019,189.020004
05-08-2019,181.729996
06-08-2019,184.509995
07-08-2019,185.149994
08-08-2019,190.160004
09-08-2019,187.850006
12-08-2019,185.369995
13-08-2019,188.449997
14-08-2019,179.710007
15-08-2019,182.589996
16-08-2019,183.699997
19-08-2019,186.169998
20-08-2019,183.809998
21-08-2019,183.550003
22-08-2019,182.039993
23-08-2019,177.75
26-08-2019,180.360001
27-08-2019,181.300003
28-08-2019,181.759995
29-08-2019,185.570007
30-08-2019,185.669998
03-09-2019,182.389999
04-09-2019,187.139999
05-09-2019,190.899994
06-09-2019,187.490005
09-09-2019,188.759995
10-09-2019,186.169998
11-09-2019,188.490005
12-09-2019,187.470001
13-09-2019,187.190002
16-09-2019,186.220001
17-09-2019,188.080002
18-09-2019,188.139999
19-09-2019,190.139999
20-09-2019,189.929993
23-09-2019,186.820007
24-09-2019,181.279999
25-09-2019,182.800003
26-09-2019,180.110001
27-09-2019,177.100006
30-09-2019,178.080002
01-10-2019,175.809998
02-10-2019,174.600006
03-10-2019,179.380005
04-10-2019,180.449997
07-10-2019,179.679993
08-10-2019,177.75
09-10-2019,179.850006
10-10-2019,180.029999
11-10-2019,184.190002
14-10-2019,183.279999
15-10-2019,188.889999
16-10-2019,189.550003
17-10-2019,190.389999
18-10-2019,185.850006
21-10-2019,189.759995
22-10-2019,182.339996
23-10-2019,186.149994
24-10-2019,186.380005
25-10-2019,187.889999
28-10-2019,189.399994
29-10-2019,189.309998
30-10-2019,188.25
31-10-2019,191.649994
01-11-2019,193.619995
04-11-2019,194.720001
05-11-2019,194.320007
06-11-2019,191.550003
07-11-2019,190.419998
08-11-2019,190.839996
11-11-2019,189.610001
12-11-2019,194.470001
13-11-2019,193.190002
14-11-2019,193.149994
15-11-2019,195.100006
18-11-2019,197.399994
19-11-2019,199.320007
20-11-2019,197.509995
21-11-2019,197.929993
22-11-2019,198.820007
25-11-2019,199.789993
26-11-2019,198.970001
27-11-2019,202
29-11-2019,201.639999
02-12-2019,199.699997
03-12-2019,198.820007
04-12-2019,198.710007
05-12-2019,199.360001
06-12-2019,201.050003
09-12-2019,201.339996
10-12-2019,200.869995
11-12-2019,202.259995
12-12-2019,196.75
13-12-2019,194.110001
16-12-2019,197.919998
17-12-2019,198.389999
18-12-2019,202.5
19-12-2019,206.059998
20-12-2019,206.300003
23-12-2019,206.179993
24-12-2019,205.119995
26-12-2019,207.789993
27-12-2019,208.100006
30-12-2019,204.410004
31-12-2019,205.25
02-01-2020,209.779999
03-01-2020,208.669998
06-01-2020,212.600006
07-01-2020,213.059998
08-01-2020,215.220001
09-01-2020,218.300003
10-01-2020,218.059998
13-01-2020,221.910004
14-01-2020,219.059998
15-01-2020,221.149994
16-01-2020,221.770004
17-01-2020,222.139999
21-01-2020,221.440002
22-01-2020,221.320007
23-01-2020,219.759995
24-01-2020,217.940002
27-01-2020,214.869995
28-01-2020,217.789993
29-01-2020,223.229996
30-01-2020,209.529999
31-01-2020,201.910004
03-02-2020,204.190002
04-02-2020,209.830002
05-02-2020,210.110001
06-02-2020,210.850006
07-02-2020,212.330002
10-02-2020,213.059998
11-02-2020,207.190002
12-02-2020,210.759995
13-02-2020,213.139999
14-02-2020,214.179993
18-02-2020,217.800003
19-02-2020,217.490005
20-02-2020,214.580002
21-02-2020,210.179993
24-02-2020,200.720001
25-02-2020,196.770004
26-02-2020,197.199997
27-02-2020,189.75
28-02-2020,192.470001
02-03-2020,196.440002
03-03-2020,185.889999
04-03-2020,191.759995
05-03-2020,185.169998
06-03-2020,181.089996
09-03-2020,169.5
10-03-2020,178.190002
11-03-2020,170.240005
12-03-2020,154.470001
13-03-2020,170.279999
16-03-2020,146.009995
17-03-2020,149.419998
18-03-2020,146.960007
19-03-2020,153.130005
20-03-2020,149.729996
23-03-2020,148.100006
24-03-2020,160.979996
25-03-2020,156.210007
26-03-2020,163.339996
27-03-2020,156.789993
30-03-2020,165.949997
31-03-2020,166.800003
01-04-2020,159.600006
02-04-2020,158.190002
03-04-2020,154.179993
06-04-2020,165.550003
07-04-2020,168.830002
08-04-2020,174.279999
09-04-2020,175.190002
13-04-2020,174.789993
14-04-2020,178.169998
15-04-2020,176.970001
16-04-2020,176.25
17-04-2020,179.240005
20-04-2020,178.240005
21-04-2020,170.800003
22-04-2020,182.279999
23-04-2020,185.130005
24-04-2020,190.070007
27-04-2020,187.5
28-04-2020,182.910004
29-04-2020,194.190002
30-04-2020,204.710007
01-05-2020,202.270004
04-05-2020,205.259995
05-05-2020,207.070007
06-05-2020,208.470001
07-05-2020,211.259995
08-05-2020,212.350006
11-05-2020,213.179993
12-05-2020,210.100006
13-05-2020,205.100006
14-05-2020,206.809998
15-05-2020,210.880005
18-05-2020,213.190002
19-05-2020,216.880005
20-05-2020,229.970001
21-05-2020,231.389999
22-05-2020,234.910004
26-05-2020,232.199997
27-05-2020,229.139999
28-05-2020,225.460007
29-05-2020,225.089996
01-06-2020,231.910004
02-06-2020,232.720001
03-06-2020,230.160004
04-06-2020,226.289993
05-06-2020,230.770004
08-06-2020,231.399994
09-06-2020,238.669998
10-06-2020,236.729996
11-06-2020,224.429993
12-06-2020,228.580002
15-06-2020,232.5
16-06-2020,235.649994
17-06-2020,235.529999
18-06-2020,235.940002
19-06-2020,238.789993
22-06-2020,239.220001
23-06-2020,242.240005
24-06-2020,234.020004
25-06-2020,235.679993
26-06-2020,216.080002
29-06-2020,220.639999
30-06-2020,227.070007
01-07-2020,237.550003
02-07-2020,233.419998
06-07-2020,240.279999
07-07-2020,240.860001
08-07-2020,243.580002
09-07-2020,244.5
10-07-2020,245.070007
13-07-2020,239
14-07-2020,239.729996
15-07-2020,240.279999
16-07-2020,240.929993
17-07-2020,242.029999
20-07-2020,245.419998
21-07-2020,241.75
22-07-2020,239.869995
23-07-2020,232.600006
24-07-2020,230.710007
27-07-2020,233.5
28-07-2020,230.119995
29-07-2020,233.289993
30-07-2020,234.5
31-07-2020,253.669998
03-08-2020,251.960007
04-08-2020,249.830002
05-08-2020,249.119995
06-08-2020,265.279999
07-08-2020,268.440002
10-08-2020,263
11-08-2020,256.130005
12-08-2020,259.890015
13-08-2020,261.299988
14-08-2020,261.23999
17-08-2020,261.160004
18-08-2020,262.339996
19-08-2020,262.589996
20-08-2020,269.01001
21-08-2020,267.01001
24-08-2020,271.390015
25-08-2020,280.820007
26-08-2020,303.910004
27-08-2020,293.220001
28-08-2020,293.660004
31-08-2020,293.200012
01-09-2020,295.440002
02-09-2020,302.5
03-09-2020,291.119995
04-09-2020,282.730011
08-09-2020,271.160004
09-09-2020,273.720001
10-09-2020,268.089996
11-09-2020,266.609985
14-09-2020,266.149994
15-09-2020,272.420013
16-09-2020,263.519989
17-09-2020,254.820007
18-09-2020,252.529999
21-09-2020,248.149994
22-09-2020,254.75
23-09-2020,249.020004
24-09-2020,249.529999
25-09-2020,254.820007
28-09-2020,256.820007
29-09-2020,261.790009
30-09-2020,261.899994
01-10-2020,266.630005
02-10-2020,259.940002
05-10-2020,264.649994
06-10-2020,258.660004
07-10-2020,258.119995
08-10-2020,263.76001
09-10-2020,264.450012
12-10-2020,275.75
13-10-2020,276.140015
14-10-2020,271.820007
15-10-2020,266.720001
16-10-2020,265.929993
19-10-2020,261.399994
20-10-2020,267.559998
21-10-2020,278.730011
22-10-2020,278.119995
23-10-2020,284.790009
26-10-2020,277.109985
27-10-2020,283.290009
28-10-2020,267.670013
29-10-2020,280.829987
30-10-2020,263.109985
02-11-2020,261.359985
03-11-2020,265.299988
04-11-2020,287.380005
05-11-2020,294.679993
06-11-2020,293.410004
09-11-2020,278.769989
10-11-2020,272.429993
11-11-2020,276.480011
12-11-2020,275.079987
13-11-2020,276.950012
16-11-2020,278.959991
17-11-2020,275
18-11-2020,271.970001
19-11-2020,272.940002
20-11-2020,269.700012
23-11-2020,268.429993
24-11-2020,276.920013
25-11-2020,275.589996
27-11-2020,277.809998
30-11-2020,276.970001
01-12-2020,286.549988
02-12-2020,287.519989
03-12-2020,281.850006
04-12-2020,279.700012
07-12-2020,285.579987
08-12-2020,283.399994
09-12-2020,277.920013
10-12-2020,277.119995
11-12-2020,273.549988
14-12-2020,274.190002
15-12-2020,275.549988
16-12-2020,275.670013
17-12-2020,274.480011
18-12-2020,276.399994
21-12-2020,272.790009
22-12-2020,267.089996
23-12-2020,268.109985
24-12-2020,267.399994
28-12-2020,277
29-12-2020,276.779999
30-12-2020,271.869995
31-12-2020,273.160004
04-01-2021,268.940002
05-01-2021,270.970001
06-01-2021,263.309998
07-01-2021,268.73999
08-01-2021,267.570007
11-01-2021,256.839996
12-01-2021,251.089996
13-01-2021,251.639999
14-01-2021,245.639999
15-01-2021,251.360001
19-01-2021,261.100006
20-01-2021,267.480011
21-01-2021,272.869995
22-01-2021,274.5
25-01-2021,278.01001
26-01-2021,282.049988
27-01-2021,272.140015
28-01-2021,265
29-01-2021,258.329987
01-02-2021,262.01001
02-02-2021,267.079987
03-02-2021,266.649994
04-02-2021,266.48999
05-02-2021,268.100006
08-02-2021,266.579987
09-02-2021,269.450012
10-02-2021,271.869995
11-02-2021,270.390015
12-02-2021,270.5
16-02-2021,273.970001
17-02-2021,273.570007
18-02-2021,269.390015
19-02-2021,261.559998
22-02-2021,260.329987
23-02-2021,265.859985
24-02-2021,264.309998
25-02-2021,254.690002
26-02-2021,257.619995
01-03-2021,264.910004
02-03-2021,259
03-03-2021,255.410004
04-03-2021,257.640015
05-03-2021,264.279999
08-03-2021,255.309998
09-03-2021,265.73999
10-03-2021,264.899994
11-03-2021,273.880005
12-03-2021,268.399994
15-03-2021,273.75
16-03-2021,279.279999
17-03-2021,284.01001
18-03-2021,278.619995
19-03-2021,290.109985
22-03-2021,293.540009
23-03-2021,290.630005
24-03-2021,282.140015
25-03-2021,278.73999
26-03-2021,283.019989
29-03-2021,290.820007
30-03-2021,288
31-03-2021,294.529999
01-04-2021,298.660004
05-04-2021,308.910004
06-04-2021,306.26001
07-04-2021,313.089996
08-04-2021,313.019989
09-04-2021,312.459991
12-04-2021,311.540009
13-04-2021,309.76001
14-04-2021,302.820007
15-04-2021,307.820007
16-04-2021,306.179993
19-04-2021,302.23999
20-04-2021,302.649994
21-04-2021,301.470001
22-04-2021,296.519989
23-04-2021,301.130005
26-04-2021,303.040009
27-04-2021,303.570007
28-04-2021,307.100006
29-04-2021,329.51001
30-04-2021,325.079987
03-05-2021,322.579987
04-05-2021,318.359985
05-05-2021,315.019989
06-05-2021,320.019989
07-05-2021,319.079987
10-05-2021,305.970001
11-05-2021,306.529999
12-05-2021,302.549988
13-05-2021,305.26001
14-05-2021,315.940002
17-05-2021,315.459991
18-05-2021,309.959991
19-05-2021,313.589996
20-05-2021,318.609985
21-05-2021,316.230011
24-05-2021,324.630005
25-05-2021,327.790009
26-05-2021,327.660004
27-05-2021,332.75
28-05-2021,328.730011
01-06-2021,329.130005
02-06-2021,329.149994
03-06-2021,326.040009
04-06-2021,330.350006
07-06-2021,336.579987
08-06-2021,333.679993
09-06-2021,330.25
10-06-2021,332.459991
11-06-2021,331.26001
14-06-2021,336.769989
15-06-2021,336.75
16-06-2021,331.079987
